run,model,best_epoch,best_validation_loss,final_train_loss,final_validation_loss,final_test_loss,total_trainable_parameters,learning_rate,weight_decay,epochs,batch_size,seed,num_layers,hidden_features,channels,num_blocks,layers_per_block,head_dim,expansion,conditional
model_comparison / 02_diff_params_same_results / nll__0.00 / transformer__lr1e-3_ep600_bs500_wd1e-4_cond1_seed7_ch64_blocks6_lpb1,transformer,580,0.019771818071603775,0.0014239720767363906,0.019771818071603775,0.02138512022793293,396312,0.001,0.0001,600,500,7,,,64,6,1,64,2,True
model_comparison / 02_diff_params_same_results / nll__0.20 / real_nvp__lr1e-3_ep600_bs500_wd0e0_cond1_seed7_layers9_h256,real_nvp,580,0.22320878505706787,0.22025789320468903,0.22320878505706787,0.21989095211029053,612900,0.001,0.0,600,500,7,9,256,,,,,,True
model_comparison / EXP_MS_001 / final_models / real_nvp / run,real_nvp,580,0.22320878505706787,0.22025789320468903,0.22320878505706787,0.21989095211029053,612900,0.001,0.0,600,500,7,9,256,,,,,,True
model_comparison / EXP_MS_001 / final_models / transformer / run,transformer,580,0.019771818071603775,0.0014239720767363906,0.019771818071603775,0.02138512022793293,396312,0.001,0.0001,600,500,7,,,64,6,1,64,2,True
model_comparison / EXP_MS_002 / raw / real_nvp / params__lr1e-3_ep600_bs500_wd0e0_cond1_seed17_layers9_h256,real_nvp,340,0.2243158519268036,0.22072473168373108,0.2243158519268036,0.22084619104862213,612900,0.001,0.0,600,500,17,9,256,,,,,,True
model_comparison / EXP_MS_002 / raw / transformer / params__lr1e-3_ep600_bs500_wd1e-4_cond1_seed17_ch64_blocks6_lpb1,transformer,600,0.09800080209970474,0.07338066399097443,0.09800080209970474,0.09878864139318466,396312,0.001,0.0001,600,500,17,,,64,6,1,64,2,True
model_comparison / EXP_MS_003 / final_models / real_nvp,real_nvp,140,0.22448663413524628,0.22204573452472687,0.22448663413524628,0.2216019332408905,612900,0.001,0.0,600,500,27,9,256,,,,,,True
model_comparison / EXP_MS_003 / final_models / transformer,transformer,600,0.02464558742940426,-0.006355811841785908,0.02464558742940426,0.02459120564162731,396312,0.001,0.0001,600,500,27,,,64,6,1,64,2,True
model_comparison / EXP_MS_003 / raw / real_nvp / params__lr1e-3_ep600_bs500_wd0e0_cond1_seed27_layers9_h256,real_nvp,140,0.22448663413524628,0.22204573452472687,0.22448663413524628,0.2216019332408905,612900,0.001,0.0,600,500,27,9,256,,,,,,True
model_comparison / EXP_MS_003 / raw / transformer / params__lr1e-3_ep600_bs500_wd1e-4_cond1_seed27_ch64_blocks6_lpb1,transformer,600,0.02464558742940426,-0.006355811841785908,0.02464558742940426,0.02459120564162731,396312,0.001,0.0001,600,500,27,,,64,6,1,64,2,True
model_comparison / EXP_MS_004 / final_models / real_nvp,real_nvp,280,0.22322534024715424,0.22040747106075287,0.22322534024715424,0.2197997272014618,612900,0.001,0.0,600,500,37,9,256,,,,,,True
model_comparison / EXP_MS_004 / final_models / transformer,transformer,600,0.09339313954114914,0.069224514067173,0.09339313954114914,0.09123842418193817,396312,0.001,0.0001,600,500,37,,,64,6,1,64,2,True
model_comparison / EXP_MS_004 / raw / real_nvp / params__lr1e-3_ep600_bs500_wd0e0_cond1_seed37_layers9_h256,real_nvp,280,0.22322534024715424,0.22040747106075287,0.22322534024715424,0.2197997272014618,612900,0.001,0.0,600,500,37,9,256,,,,,,True
model_comparison / EXP_MS_004 / raw / transformer / params__lr1e-3_ep600_bs500_wd1e-4_cond1_seed37_ch64_blocks6_lpb1,transformer,600,0.09339313954114914,0.069224514067173,0.09339313954114914,0.09123842418193817,396312,0.001,0.0001,600,500,37,,,64,6,1,64,2,True
model_comparison / EXP_MS_005 / final_models / real_nvp,real_nvp,540,0.22287553548812866,0.21976003050804138,0.22287553548812866,0.2197277992963791,612900,0.001,0.0,600,500,47,9,256,,,,,,True
model_comparison / EXP_MS_005 / final_models / transformer,transformer,600,0.007680849172174931,-0.02184329554438591,0.007680849172174931,0.006273004692047834,396312,0.001,0.0001,600,500,47,,,64,6,1,64,2,True
model_comparison / EXP_MS_005 / raw / real_nvp / params__lr1e-3_ep600_bs500_wd0e0_cond1_seed47_layers9_h256,real_nvp,540,0.22287553548812866,0.21976003050804138,0.22287553548812866,0.2197277992963791,612900,0.001,0.0,600,500,47,9,256,,,,,,True
model_comparison / EXP_MS_005 / raw / transformer / params__lr1e-3_ep600_bs500_wd1e-4_cond1_seed47_ch64_blocks6_lpb1,transformer,600,0.007680849172174931,-0.02184329554438591,0.007680849172174931,0.006273004692047834,396312,0.001,0.0001,600,500,47,,,64,6,1,64,2,True
model_comparison / raw / real_nvp / params__lr1e-3_ep600_bs500_wd0e0_cond1_seed7_layers9_h256,real_nvp,580,0.22320878505706787,0.22025789320468903,0.22320878505706787,0.21989095211029053,612900,0.001,0.0,600,500,7,9,256,,,,,,True
model_comparison / raw / transformer / params__lr1e-3_ep600_bs500_wd1e-4_cond1_seed7_ch64_blocks6_lpb1,transformer,580,0.019771818071603775,0.0014239720767363906,0.019771818071603775,0.02138512022793293,396312,0.001,0.0001,600,500,7,,,64,6,1,64,2,True
parameter_sweep / EXP_001 / run_001 / raw / real_nvp / params__lr1e-3_ep600_bs500_wd1e-4_cond1_seed7_layers5_h64,real_nvp,580,0.22851364314556122,0.22569844126701355,0.22851364314556122,0.2253088504076004,23700,0.001,0.0001,600,500,7,5,64,,,,,,True
parameter_sweep / EXP_002 / run_001 / raw / real_nvp / params__lr5e-4_ep600_bs500_wd1e-4_cond1_seed7_layers5_h64,real_nvp,600,0.23315809667110443,0.2305927574634552,0.23315809667110443,0.23032109439373016,23700,0.0005,0.0001,600,500,7,5,64,,,,,,True
parameter_sweep / EXP_003 / run_001 / raw / real_nvp / params__lr1e-4_ep600_bs500_wd1e-4_cond1_seed7_layers5_h64,real_nvp,600,0.36858367919921875,0.3708568215370178,0.36858367919921875,0.3693307340145111,23700,0.0001,0.0001,600,500,7,5,64,,,,,,True
parameter_sweep / EXP_004 / run_001 / raw / real_nvp / params__lr5e-5_ep600_bs500_wd1e-4_cond1_seed7_layers5_h64,real_nvp,600,0.909699559211731,0.9147862195968628,0.909699559211731,0.9120297431945801,23700,5e-05,0.0001,600,500,7,5,64,,,,,,True
parameter_sweep / EXP_005 / run_001 / raw / transformer / params__lr1e-3_ep600_bs500_wd1e-4_cond1_seed7_ch64_blocks4_lpb1,transformer,540,0.1416914016008377,0.12691181898117065,0.1416914016008377,0.14332658052444458,330256,0.001,0.0001,600,500,7,,,64,4,1,64,4,True
parameter_sweep / EXP_006 / run_001 / raw / transformer / params__lr5e-4_ep600_bs500_wd1e-4_cond1_seed7_ch64_blocks4_lpb1,transformer,580,0.18517306447029114,0.17020319402217865,0.18517306447029114,0.18406011164188385,330256,0.0005,0.0001,600,500,7,,,64,4,1,64,4,True
parameter_sweep / EXP_007 / run_001 / raw / transformer / params__lr1e-4_ep600_bs500_wd1e-4_cond1_seed7_ch64_blocks4_lpb1,transformer,600,0.35920828580856323,0.34935739636421204,0.35920828580856323,0.36109405755996704,330256,0.0001,0.0001,600,500,7,,,64,4,1,64,4,True
parameter_sweep / EXP_008 / run_001 / raw / transformer / params__lr5e-5_ep600_bs500_wd1e-4_cond1_seed7_ch64_blocks4_lpb1,transformer,600,0.5608579516410828,0.5552662014961243,0.5608579516410828,0.5622392892837524,330256,5e-05,0.0001,600,500,7,,,64,4,1,64,4,True
parameter_sweep / EXP_009 / run_001 / raw / real_nvp / params__lr1e-3_ep600_bs500_wd0e0_cond1_seed7_layers5_h64,real_nvp,600,0.226769357919693,0.2241383194923401,0.226769357919693,0.22393448650836945,23700,0.001,0.0,600,500,7,5,64,,,,,,True
parameter_sweep / EXP_010 / run_001 / raw / real_nvp / params__lr1e-3_ep600_bs500_wd1e-5_cond1_seed7_layers5_h64,real_nvp,600,0.22864492237567902,0.22566969692707062,0.22864492237567902,0.22560429573059082,23700,0.001,1e-05,600,500,7,5,64,,,,,,True
parameter_sweep / EXP_011 / run_001 / raw / real_nvp / params__lr1e-3_ep600_bs500_wd1e-4_cond1_seed7_layers5_h64,real_nvp,580,0.22872644662857056,0.22628240287303925,0.22872644662857056,0.22633621096611023,23700,0.001,0.0001,600,500,7,5,64,,,,,,True
parameter_sweep / EXP_012 / run_001 / raw / real_nvp / params__lr1e-3_ep600_bs500_wd1e-3_cond1_seed7_layers5_h64,real_nvp,580,0.23413003981113434,0.2325121909379959,0.23413003981113434,0.23180809617042542,23700,0.001,0.001,600,500,7,5,64,,,,,,True
parameter_sweep / EXP_013 / run_001 / raw / transformer / params__lr1e-3_ep600_bs500_wd0e0_cond1_seed7_ch64_blocks4_lpb1,transformer,560,0.17922194302082062,0.15759077668190002,0.17922194302082062,0.176890566945076,330256,0.001,0.0,600,500,7,,,64,4,1,64,4,True
parameter_sweep / EXP_014 / run_001 / raw / transformer / params__lr1e-3_ep600_bs500_wd1e-5_cond1_seed7_ch64_blocks4_lpb1,transformer,600,0.15277205407619476,0.13200029730796814,0.15277205407619476,0.1538943201303482,330256,0.001,1e-05,600,500,7,,,64,4,1,64,4,True
parameter_sweep / EXP_015 / run_001 / raw / transformer / params__lr1e-3_ep600_bs500_wd1e-4_cond1_seed7_ch64_blocks4_lpb1,transformer,540,0.1416914016008377,0.12691181898117065,0.1416914016008377,0.14332658052444458,330256,0.001,0.0001,600,500,7,,,64,4,1,64,4,True
parameter_sweep / EXP_016 / run_001 / raw / transformer / params__lr1e-3_ep600_bs500_wd1e-3_cond1_seed7_ch64_blocks4_lpb1,transformer,580,0.1746838241815567,0.16387654840946198,0.1746838241815567,0.17571872472763062,330256,0.001,0.001,600,500,7,,,64,4,1,64,4,True
parameter_sweep / EXP_017 / run_001 / raw / real_nvp / params__lr1e-3_ep600_bs500_wd0e0_cond1_seed7_layers3_h64,real_nvp,580,0.2719683051109314,0.27023178339004517,0.2719683051109314,0.2681090235710144,14220,0.001,0.0,600,500,7,3,64,,,,,,True
parameter_sweep / EXP_019 / run_001 / raw / real_nvp / params__lr1e-3_ep600_bs500_wd0e0_cond1_seed7_layers7_h64,real_nvp,580,0.22705672681331635,0.22391751408576965,0.22705672681331635,0.22384968400001526,33180,0.001,0.0,600,500,7,7,64,,,,,,True
parameter_sweep / EXP_020 / run_001 / raw / real_nvp / params__lr1e-3_ep600_bs500_wd0e0_cond1_seed7_layers9_h64,real_nvp,600,0.22332827746868134,0.22057652473449707,0.22332827746868134,0.22029604017734528,42660,0.001,0.0,600,500,7,9,64,,,,,,True
parameter_sweep / EXP_021 / run_001 / raw / real_nvp / params__lr1e-3_ep600_bs500_wd0e0_cond1_seed7_layers9_h32,real_nvp,580,0.22336970269680023,0.22038264572620392,0.22336970269680023,0.22045083343982697,12132,0.001,0.0,600,500,7,9,32,,,,,,True
parameter_sweep / EXP_022 / run_001 / raw / real_nvp / params__lr1e-3_ep600_bs500_wd0e0_cond1_seed7_layers9_h64,real_nvp,600,0.22332827746868134,0.22057652473449707,0.22332827746868134,0.22029604017734528,42660,0.001,0.0,600,500,7,9,64,,,,,,True
parameter_sweep / EXP_023 / run_001 / raw / real_nvp / params__lr1e-3_ep600_bs500_wd0e0_cond1_seed7_layers9_h128,real_nvp,580,0.22387266159057617,0.22053030133247375,0.22387266159057617,0.22053402662277222,159012,0.001,0.0,600,500,7,9,128,,,,,,True
parameter_sweep / EXP_024 / run_001 / raw / real_nvp / params__lr1e-3_ep600_bs500_wd0e0_cond1_seed7_layers9_h256,real_nvp,400,0.22277702391147614,0.21980226039886475,0.22277702391147614,0.2197246104478836,612900,0.001,0.0,600,500,7,9,256,,,,,,True
parameter_sweep / EXP_025 / run_002 / raw / transformer / params__lr1e-3_ep600_bs500_wd1e-4_cond1_seed7_ch64_blocks2_lpb1,transformer,540,0.4262217581272125,0.4019065201282501,0.4262217581272125,0.42858681082725525,165128,0.001,0.0001,600,500,7,,,64,2,1,64,4,True
parameter_sweep / EXP_026 / run_002 / raw / transformer / params__lr1e-3_ep600_bs500_wd1e-4_cond1_seed7_ch64_blocks6_lpb1,transformer,580,0.09866326302289963,0.07903632521629333,0.09866326302289963,0.09801279753446579,495384,0.001,0.0001,600,500,7,,,64,6,1,64,4,True
parameter_sweep / EXP_029 / run_001 / raw / transformer / params__lr1e-3_ep600_bs500_wd1e-4_cond1_seed7_ch64_blocks6_lpb1,transformer,560,0.21059082448482513,0.15170007944107056,0.21059082448482513,0.19795554876327515,495384,0.001,0.0001,600,500,7,,,64,6,1,16,4,True
parameter_sweep / EXP_030 / run_001 / raw / transformer / params__lr1e-3_ep600_bs500_wd1e-4_cond1_seed7_ch64_blocks6_lpb1,transformer,400,0.09195630997419357,0.07580132782459259,0.09195630997419357,0.0929032638669014,495384,0.001,0.0001,600,500,7,,,64,6,1,32,4,True
parameter_sweep / EXP_032 / run_001 / raw / transformer / params__lr1e-3_ep600_bs500_wd1e-4_cond1_seed7_ch64_blocks6_lpb1,transformer,580,0.07386522740125656,0.054660048335790634,0.07386522740125656,0.07469744980335236,396312,0.001,0.0001,600,500,7,,,64,6,1,64,2,True
parameter_sweep / EXP_033 / run_002 / raw / transformer / params__lr1e-3_ep600_bs500_wd1e-4_cond1_seed7_ch64_blocks6_lpb1,transformer,560,0.09045951068401337,0.07471540570259094,0.09045951068401337,0.09881778061389923,594456,0.001,0.0001,600,500,7,,,64,6,1,64,6,True
parameter_sweep / EXP_034 / run_001 / raw / transformer / params__lr1e-3_ep600_bs500_wd1e-4_cond1_seed7_ch64_blocks6_lpb1,transformer,580,0.08496131002902985,0.06094875559210777,0.08496131002902985,0.08440013229846954,495384,0.001,0.0001,600,500,7,,,64,6,1,64,4,True
parameter_sweep / EXP_036 / run_001 / raw / transformer / params__lr5e-4_ep600_bs500_wd0e0_cond1_seed7_ch64_blocks2_lpb1,transformer,600,0.4221174716949463,0.3816252052783966,0.4221174716949463,0.4220508337020874,132104,0.0005,0.0,600,500,7,,,64,2,1,16,2,True
parameter_sweep / EXP_037 / run_001 / raw / transformer / params__lr5e-4_ep600_bs500_wd0e0_cond1_seed7_ch64_blocks6_lpb1,transformer,540,-0.012267420999705791,-0.04427211731672287,-0.012267420999705791,-0.009372688829898834,495384,0.0005,0.0,600,500,7,,,64,6,1,16,4,True
parameter_sweep / EXP_038 / run_001 / raw / transformer / params__lr5e-4_ep600_bs500_wd1e-3_cond1_seed7_ch64_blocks2_lpb1,transformer,600,0.4284287095069885,0.4127248227596283,0.4284287095069885,0.4277622699737549,132104,0.0005,0.001,600,500,7,,,64,2,1,16,2,True
parameter_sweep / EXP_040 / run_001 / raw / transformer / params__lr1e-4_ep600_bs500_wd0e0_cond1_seed7_ch64_blocks2_lpb1,transformer,600,0.4401954114437103,0.42082035541534424,0.4401954114437103,0.44296231865882874,132104,0.0001,0.0,600,500,7,,,64,2,1,16,2,True
parameter_sweep / EXP_041 / run_001 / raw / transformer / params__lr1e-4_ep600_bs500_wd0e0_cond1_seed7_ch64_blocks6_lpb1,transformer,600,0.15516650676727295,0.1371811032295227,0.15516650676727295,0.16120992600917816,495384,0.0001,0.0,600,500,7,,,64,6,1,16,4,True
parameter_sweep / EXP_042 / run_001 / raw / transformer / params__lr1e-4_ep600_bs500_wd1e-3_cond1_seed7_ch64_blocks2_lpb1,transformer,600,0.5188992023468018,0.5179921388626099,0.5188992023468018,0.5273273587226868,132104,0.0001,0.001,600,500,7,,,64,2,1,16,2,True
parameter_sweep / EXP_043 / run_001 / raw / transformer / params__lr1e-4_ep600_bs500_wd1e-4_cond1_seed7_ch64_blocks6_lpb1,transformer,600,0.18072719871997833,0.16698722541332245,0.18072719871997833,0.18435138463974,495384,0.0001,0.0001,600,500,7,,,64,6,1,16,4,True
raw / real_nvp / params__lr1e-3_ep300_bs32_wd1e-4_cond1_seed7_layers8_h128,real_nvp,300,0.22413714230060577,0.22139780223369598,0.22413714230060577,0.22118480503559113,141344,0.001,0.0001,300,32,7,8,128,,,,,,True
